{
    "query": {
        "bool": {
            "filter": [
                {
                    "has_parent": {
                        "parent_type": "message",
                        "inner_hits": {
                           "_source": ["message_id","subject","ingestion_date","document_date","senders.sender_email_lc","receivers.receiver_email_lc"],
                           "size": 1
                        }
                    }
                },
				{
                    "term": {
                        "doc_type": [
                            "alert_status"
                        ]
                    }
                }
             ],
			 "must_not": [
                {
                    "term": {
                        "resolved": "true"
                    }
                }
            ]
        }
    },
    "_source": {
        "includes": [
            "parent",
            "key_indicator_id",
            "status",
            "resolved",
            "assignee",
            "alert_data_permissions",
            "message_data_permissions"
        ]
    }
}
