{
    "query": {
        "bool": {
            "filter": [
                {
                    "bool": {
                        "should": [
                            {
                                "nested": {
                                    "path": "senders",
                                    "query": {
                                        "terms": {
                                            "senders.sender_email_lc": ""
                                        }
                                    }
                                }
                            },
                            {
                                "nested": {
                                    "path": "receivers",
                                    "query": {
                                        "terms": {
                                            "receivers.receiver_email_lc": ""
                                        }
                                    }
                                }
                            }
                        ],
                        "minimum_should_match": 1
                    }
                },
                {
                    "bool": {
                        "should": [
                            {
                                "terms": {
                                    "data_permissions": []
                                }
                            },
                            {
                                "nested": {
                                    "path": "key_indicators",
                                    "query": {
                                        "terms": {
                                            "key_indicators.alert_data_permissions": []
                                        }
                                    }
                                }
                            },
                            {
                                "nested": {
                                    "path": "ghost_key_indicators",
                                    "query": {
                                        "terms": {
                                            "ghost_key_indicators.alert_data_permissions": []
                                        }
                                    }
                                }
                            },
                            {
                                "has_child": {
                                    "type": "alert_status",
                                    "query": {
                                        "bool": {
                                            "should": [
                                                {
                                                    "terms": {
                                                        "message_data_permissions": []
                                                    }
                                                },
                                                {
                                                    "terms": {
                                                        "alert_data_permissions": []
                                                    }
                                                }
                                            ],
                                            "minimum_should_match": 1
                                        }
                                    },
                                    "inner_hits": {
                                        "_source": [
                                            "key_indicator_id",
                                            "alert_data_permissions",
                                            "message_data_permissions"
                                        ],
                                        "size": 100
                                    }
                                }
                            }
                        ],
                        "minimum_should_match": 1
                    }
                }
            ]
        }
    },
    "_source": [
        "key_indicators.*",
        "data_permissions"
    ]
}