{
    "query": {
        "bool": {
            "filter": [
                {
                    "range": {
                        "loaded_date": {
                            "gte": "2025-01-01T00:00:00+00:00",
                            "lt": "2025-02-01T00:00:00+00:00"
                        }
                    }
                }
            ],
            "should": [
                {
                    "has_child": {
                        "type": "alert_status",
                        "query": {
                            "bool": {
                                "filter": {
                                    "match_all": {}
                                }
                            }
                        }
                    }
                }
            ],
            "minimum_should_match": 0
        }
    }
}